#Top: Test_wrapper   Floorplan: impl_1   Part: xc7z030ffg676-2;;;;;;;;;;;;;;;;;;;;;;;;;;
#Generated by: Muhammed   on: Fri Jul 19 09:32:35 2024;;;;;;;;;;;;;;;;;;;;;;;;;;
#Build: Vivado v2022.2   by: xbuild   on: Fri Oct 14 05:00:03 MDT 2022;;;;;;;;;;;;;;;;;;;;;;;;;;
#Package Version: FINAL 2013-01-16;;;;;;;;;;;;;;;;;;;;;;;;;;
#Package Pin Delay Version: VERS. 2.0 2013-01-16;;;;;;;;;;;;;;;;;;;;;;;;;;
;;;;;;;;;;;;;;;;;;;;;;;;;;
IO Bank;Pin Number;Site;Site Type;Min Trace Delay (ps);Max Trace Delay (ps);Avrg Trace Delay (ps);Prohibit;Interface;Signal Name;Direction;DiffPair Type;DiffPair Signal;IO Standard;Drive (mA);Slew Rate;OUTPUT_IMPEDANCE;PRE_EMPHASIS;LVDS_PRE_EMPHASIS;EQUALIZATION;Pull Type;DQS_BIAS;IN_TERM;DIFF_TERM;OFFCHIP_TERM;Board Signal;Board Voltage
502;V26;IOPAD_X1Y31;PS_DDR_DM3_502;110.538;111.649;111.094;;DDR_40162;DDR_dm[3];INOUT;;;SSTL15_T_DCI;;FAST;;;;;;;;;FP_VTT_50;;
502;P26;IOPAD_X1Y30;PS_DDR_DM2_502;116.064;117.230;116.647;;DDR_40162;DDR_dm[2];INOUT;;;SSTL15_T_DCI;;FAST;;;;;;;;;FP_VTT_50;;
502;K25;IOPAD_X1Y29;PS_DDR_DM1_502;100.060;101.065;100.563;;DDR_40162;DDR_dm[1];INOUT;;;SSTL15_T_DCI;;FAST;;;;;;;;;FP_VTT_50;;
502;G24;IOPAD_X1Y28;PS_DDR_DM0_502;133.604;134.946;134.275;;DDR_40162;DDR_dm[0];INOUT;;;SSTL15_T_DCI;;FAST;;;;;;;;;FP_VTT_50;;
502;R20;IOPAD_X1Y17;PS_DDR_A14_502;99.441;100.440;99.941;;DDR_40162;DDR_addr[14];OUT;;;SSTL15;;SLOW;;;;;;;;;FP_VTT_50;;
502;J20;IOPAD_X1Y18;PS_DDR_A13_502;95.836;96.799;96.318;;DDR_40162;DDR_addr[13];OUT;;;SSTL15;;SLOW;;;;;;;;;FP_VTT_50;;
502;P20;IOPAD_X1Y16;PS_DDR_A12_502;116.382;117.552;116.967;;DDR_40162;DDR_addr[12];OUT;;;SSTL15;;SLOW;;;;;;;;;FP_VTT_50;;
502;H21;IOPAD_X1Y15;PS_DDR_A11_502;99.373;100.372;99.873;;DDR_40162;DDR_addr[11];OUT;;;SSTL15;;SLOW;;;;;;;;;FP_VTT_50;;
502;M22;IOPAD_X1Y14;PS_DDR_A10_502;95.899;96.862;96.381;;DDR_40162;DDR_addr[10];OUT;;;SSTL15;;SLOW;;;;;;;;;FP_VTT_50;;
502;U20;IOPAD_X1Y13;PS_DDR_A9_502;103.306;104.345;103.826;;DDR_40162;DDR_addr[9];OUT;;;SSTL15;;SLOW;;;;;;;;;FP_VTT_50;;
502;T20;IOPAD_X1Y12;PS_DDR_A8_502;119.110;120.307;119.709;;DDR_40162;DDR_addr[8];OUT;;;SSTL15;;SLOW;;;;;;;;;FP_VTT_50;;
502;J21;IOPAD_X1Y11;PS_DDR_A7_502;95.796;96.759;96.278;;DDR_40162;DDR_addr[7];OUT;;;SSTL15;;SLOW;;;;;;;;;FP_VTT_50;;
502;L20;IOPAD_X1Y10;PS_DDR_A6_502;94.706;95.658;95.182;;DDR_40162;DDR_addr[6];OUT;;;SSTL15;;SLOW;;;;;;;;;FP_VTT_50;;
502;N22;IOPAD_X1Y9;PS_DDR_A5_502;95.015;95.970;95.493;;DDR_40162;DDR_addr[5];OUT;;;SSTL15;;SLOW;;;;;;;;;FP_VTT_50;;
502;M20;IOPAD_X1Y8;PS_DDR_A4_502;95.010;95.965;95.488;;DDR_40162;DDR_addr[4];OUT;;;SSTL15;;SLOW;;;;;;;;;FP_VTT_50;;
502;L22;IOPAD_X1Y7;PS_DDR_A3_502;95.151;96.107;95.629;;DDR_40162;DDR_addr[3];OUT;;;SSTL15;;SLOW;;;;;;;;;FP_VTT_50;;
502;N21;IOPAD_X1Y6;PS_DDR_A2_502;95.020;95.975;95.498;;DDR_40162;DDR_addr[2];OUT;;;SSTL15;;SLOW;;;;;;;;;FP_VTT_50;;
502;K20;IOPAD_X1Y5;PS_DDR_A1_502;95.900;96.864;96.382;;DDR_40162;DDR_addr[1];OUT;;;SSTL15;;SLOW;;;;;;;;;FP_VTT_50;;
502;K22;IOPAD_X1Y4;PS_DDR_A0_502;95.530;96.490;96.010;;DDR_40162;DDR_addr[0];OUT;;;SSTL15;;SLOW;;;;;;;;;FP_VTT_50;;
502;W23;IOPAD_X1Y63;PS_DDR_DQ31_502;104.171;105.218;104.695;;DDR_40162;DDR_dq[31];INOUT;;;SSTL15_T_DCI;;FAST;;;;;;;;;FP_VTT_50;;
502;Y26;IOPAD_X1Y62;PS_DDR_DQ30_502;120.558;121.770;121.164;;DDR_40162;DDR_dq[30];INOUT;;;SSTL15_T_DCI;;FAST;;;;;;;;;FP_VTT_50;;
502;Y25;IOPAD_X1Y61;PS_DDR_DQ29_502;124.766;126.020;125.393;;DDR_40162;DDR_dq[29];INOUT;;;SSTL15_T_DCI;;FAST;;;;;;;;;FP_VTT_50;;
502;W26;IOPAD_X1Y60;PS_DDR_DQ28_502;112.744;113.877;113.311;;DDR_40162;DDR_dq[28];INOUT;;;SSTL15_T_DCI;;FAST;;;;;;;;;FP_VTT_50;;
502;U25;IOPAD_X1Y59;PS_DDR_DQ27_502;105.622;106.684;106.153;;DDR_40162;DDR_dq[27];INOUT;;;SSTL15_T_DCI;;FAST;;;;;;;;;FP_VTT_50;;
502;U24;IOPAD_X1Y58;PS_DDR_DQ26_502;101.069;102.084;101.577;;DDR_40162;DDR_dq[26];INOUT;;;SSTL15_T_DCI;;FAST;;;;;;;;;FP_VTT_50;;
502;U26;IOPAD_X1Y57;PS_DDR_DQ25_502;112.061;113.187;112.624;;DDR_40162;DDR_dq[25];INOUT;;;SSTL15_T_DCI;;FAST;;;;;;;;;FP_VTT_50;;
502;V24;IOPAD_X1Y56;PS_DDR_DQ24_502;105.388;106.447;105.918;;DDR_40162;DDR_dq[24];INOUT;;;SSTL15_T_DCI;;FAST;;;;;;;;;FP_VTT_50;;
502;R23;IOPAD_X1Y55;PS_DDR_DQ23_502;98.087;99.073;98.580;;DDR_40162;DDR_dq[23];INOUT;;;SSTL15_T_DCI;;FAST;;;;;;;;;FP_VTT_50;;
502;T23;IOPAD_X1Y54;PS_DDR_DQ22_502;92.524;93.454;92.989;;DDR_40162;DDR_dq[22];INOUT;;;SSTL15_T_DCI;;FAST;;;;;;;;;FP_VTT_50;;
502;T25;IOPAD_X1Y53;PS_DDR_DQ21_502;106.613;107.685;107.149;;DDR_40162;DDR_dq[21];INOUT;;;SSTL15_T_DCI;;FAST;;;;;;;;;FP_VTT_50;;
502;T24;IOPAD_X1Y52;PS_DDR_DQ20_502;97.984;98.968;98.476;;DDR_40162;DDR_dq[20];INOUT;;;SSTL15_T_DCI;;FAST;;;;;;;;;FP_VTT_50;;
502;P23;IOPAD_X1Y51;PS_DDR_DQ19_502;91.537;92.457;91.997;;DDR_40162;DDR_dq[19];INOUT;;;SSTL15_T_DCI;;FAST;;;;;;;;;FP_VTT_50;;
502;N26;IOPAD_X1Y50;PS_DDR_DQ18_502;112.391;113.520;112.956;;DDR_40162;DDR_dq[18];INOUT;;;SSTL15_T_DCI;;FAST;;;;;;;;;FP_VTT_50;;
502;P24;IOPAD_X1Y49;PS_DDR_DQ17_502;96.532;97.502;97.017;;DDR_40162;DDR_dq[17];INOUT;;;SSTL15_T_DCI;;FAST;;;;;;;;;FP_VTT_50;;
502;R26;IOPAD_X1Y48;PS_DDR_DQ16_502;109.358;110.457;109.908;;DDR_40162;DDR_dq[16];INOUT;;;SSTL15_T_DCI;;FAST;;;;;;;;;FP_VTT_50;;
502;N23;IOPAD_X1Y47;PS_DDR_DQ15_502;85.709;86.571;86.140;;DDR_40162;DDR_dq[15];INOUT;;;SSTL15_T_DCI;;FAST;;;;;;;;;FP_VTT_50;;
502;M24;IOPAD_X1Y46;PS_DDR_DQ14_502;91.640;92.561;92.101;;DDR_40162;DDR_dq[14];INOUT;;;SSTL15_T_DCI;;FAST;;;;;;;;;FP_VTT_50;;
502;N24;IOPAD_X1Y45;PS_DDR_DQ13_502;92.521;93.451;92.986;;DDR_40162;DDR_dq[13];INOUT;;;SSTL15_T_DCI;;FAST;;;;;;;;;FP_VTT_50;;
502;M25;IOPAD_X1Y44;PS_DDR_DQ12_502;98.888;99.882;99.385;;DDR_40162;DDR_dq[12];INOUT;;;SSTL15_T_DCI;;FAST;;;;;;;;;FP_VTT_50;;
502;K23;IOPAD_X1Y43;PS_DDR_DQ11_502;85.591;86.451;86.021;;DDR_40162;DDR_dq[11];INOUT;;;SSTL15_T_DCI;;FAST;;;;;;;;;FP_VTT_50;;
502;M26;IOPAD_X1Y42;PS_DDR_DQ10_502;109.115;110.212;109.664;;DDR_40162;DDR_dq[10];INOUT;;;SSTL15_T_DCI;;FAST;;;;;;;;;FP_VTT_50;;
502;L23;IOPAD_X1Y41;PS_DDR_DQ9_502;85.410;86.268;85.839;;DDR_40162;DDR_dq[9];INOUT;;;SSTL15_T_DCI;;FAST;;;;;;;;;FP_VTT_50;;
502;K26;IOPAD_X1Y40;PS_DDR_DQ8_502;105.725;106.788;106.257;;DDR_40162;DDR_dq[8];INOUT;;;SSTL15_T_DCI;;FAST;;;;;;;;;FP_VTT_50;;
502;J23;IOPAD_X1Y39;PS_DDR_DQ7_502;110.855;111.969;111.412;;DDR_40162;DDR_dq[7];INOUT;;;SSTL15_T_DCI;;FAST;;;;;;;;;FP_VTT_50;;
502;J24;IOPAD_X1Y38;PS_DDR_DQ6_502;109.192;110.289;109.741;;DDR_40162;DDR_dq[6];INOUT;;;SSTL15_T_DCI;;FAST;;;;;;;;;FP_VTT_50;;
502;H23;IOPAD_X1Y37;PS_DDR_DQ5_502;116.101;117.268;116.685;;DDR_40162;DDR_dq[5];INOUT;;;SSTL15_T_DCI;;FAST;;;;;;;;;FP_VTT_50;;
502;H26;IOPAD_X1Y36;PS_DDR_DQ4_502;117.569;118.750;118.160;;DDR_40162;DDR_dq[4];INOUT;;;SSTL15_T_DCI;;FAST;;;;;;;;;FP_VTT_50;;
502;G26;IOPAD_X1Y35;PS_DDR_DQ3_502;116.357;117.526;116.942;;DDR_40162;DDR_dq[3];INOUT;;;SSTL15_T_DCI;;FAST;;;;;;;;;FP_VTT_50;;
502;J25;IOPAD_X1Y34;PS_DDR_DQ2_502;109.331;110.429;109.880;;DDR_40162;DDR_dq[2];INOUT;;;SSTL15_T_DCI;;FAST;;;;;;;;;FP_VTT_50;;
502;F25;IOPAD_X1Y33;PS_DDR_DQ1_502;129.930;131.236;130.583;;DDR_40162;DDR_dq[1];INOUT;;;SSTL15_T_DCI;;FAST;;;;;;;;;FP_VTT_50;;
502;J26;IOPAD_X1Y32;PS_DDR_DQ0_502;109.075;110.171;109.623;;DDR_40162;DDR_dq[0];INOUT;;;SSTL15_T_DCI;;FAST;;;;;;;;;FP_VTT_50;;
502;R22;IOPAD_X1Y21;PS_DDR_BA2_502;95.469;96.428;95.949;;DDR_40162;DDR_ba[2];OUT;;;SSTL15;;SLOW;;;;;;;;;FP_VTT_50;;
502;T22;IOPAD_X1Y20;PS_DDR_BA1_502;104.323;105.372;104.848;;DDR_40162;DDR_ba[1];OUT;;;SSTL15;;SLOW;;;;;;;;;FP_VTT_50;;
502;U22;IOPAD_X1Y19;PS_DDR_BA0_502;112.177;113.304;112.741;;DDR_40162;DDR_ba[0];OUT;;;SSTL15;;SLOW;;;;;;;;;FP_VTT_50;;
502;W24;IOPAD_X1Y71;PS_DDR_DQS_P3_502;112.699;113.832;113.266;;DDR_40162;DDR_dqs_p[3];INOUT;;;DIFF_SSTL15_T_DCI;;FAST;;;;;;;;;FP_VTT_50;;
502;P25;IOPAD_X1Y70;PS_DDR_DQS_P2_502;105.700;106.762;106.231;;DDR_40162;DDR_dqs_p[2];INOUT;;;DIFF_SSTL15_T_DCI;;FAST;;;;;;;;;FP_VTT_50;;
502;L24;IOPAD_X1Y69;PS_DDR_DQS_P1_502;90.513;91.423;90.968;;DDR_40162;DDR_dqs_p[1];INOUT;;;DIFF_SSTL15_T_DCI;;FAST;;;;;;;;;FP_VTT_50;;
502;H24;IOPAD_X1Y68;PS_DDR_DQS_P0_502;119.198;120.396;119.797;;DDR_40162;DDR_dqs_p[0];INOUT;;;DIFF_SSTL15_T_DCI;;FAST;;;;;;;;;FP_VTT_50;;
502;W25;IOPAD_X1Y67;PS_DDR_DQS_N3_502;112.575;113.707;113.141;;DDR_40162;DDR_dqs_n[3];INOUT;;;DIFF_SSTL15_T_DCI;;FAST;;;;;;;;;FP_VTT_50;;
502;R25;IOPAD_X1Y66;PS_DDR_DQS_N2_502;105.734;106.796;106.265;;DDR_40162;DDR_dqs_n[2];INOUT;;;DIFF_SSTL15_T_DCI;;FAST;;;;;;;;;FP_VTT_50;;
502;L25;IOPAD_X1Y65;PS_DDR_DQS_N1_502;90.389;91.298;90.844;;DDR_40162;DDR_dqs_n[1];INOUT;;;DIFF_SSTL15_T_DCI;;FAST;;;;;;;;;FP_VTT_50;;
502;G25;IOPAD_X1Y64;PS_DDR_DQS_N0_502;119.134;120.331;119.733;;DDR_40162;DDR_dqs_n[0];INOUT;;;DIFF_SSTL15_T_DCI;;FAST;;;;;;;;;FP_VTT_50;;
502;Y23;IOPAD_X1Y22;PS_DDR_CAS_B_502;125.425;126.686;126.056;;DDR_40162;DDR_cas_n;OUT;;;SSTL15;;SLOW;;;;;;;;;FP_VTT_50;;
502;P21;IOPAD_X1Y24;PS_DDR_CKN_502;97.323;98.301;97.812;;DDR_40162;DDR_ck_n;IN;;;DIFF_SSTL15;;FAST;;;;;;;;;FP_VTT_50;;
502;R21;IOPAD_X1Y25;PS_DDR_CKP_502;97.332;98.310;97.821;;DDR_40162;DDR_ck_p;IN;;;DIFF_SSTL15;;FAST;;;;;;;;;FP_VTT_50;;
502;U21;IOPAD_X1Y23;PS_DDR_CKE_502;103.019;104.055;103.537;;DDR_40162;DDR_cke;OUT;;;SSTL15;;SLOW;;;;;;;;;FP_VTT_50;;
502;Y21;IOPAD_X1Y27;PS_DDR_CS_B_502;123.386;124.626;124.006;;DDR_40162;DDR_cs_n;OUT;;;SSTL15;;SLOW;;;;;;;;;FP_VTT_50;;
502;Y22;IOPAD_X1Y131;PS_DDR_ODT_502;125.107;126.364;125.736;;DDR_40162;DDR_odt;OUT;;;SSTL15;;SLOW;;;;;;;;;FP_VTT_50;;
502;V23;IOPAD_X1Y133;PS_DDR_RAS_B_502;108.107;109.193;108.650;;DDR_40162;DDR_ras_n;OUT;;;SSTL15;;SLOW;;;;;;;;;FP_VTT_50;;
502;H22;IOPAD_X1Y72;PS_DDR_DRST_B_502;101.173;102.190;101.682;;DDR_40162;DDR_reset_n;INOUT;;;SSTL15;;FAST;;;;;;;;;FP_VTT_50;;
502;V22;IOPAD_X1Y1;PS_DDR_WE_B_502;131.657;132.980;132.319;;DDR_40162;DDR_we_n;OUT;;;SSTL15;;SLOW;;;;;;;;;FP_VTT_50;;
501;A19;IOPAD_X1Y130;PS_MIO53_501;105.942;107.006;106.474;;FIXED_IO_40162;FIXED_IO_mio[53];INOUT;;;LVCMOS18;12;SLOW;;;;;;;;;FP_VTT_50;;
501;A20;IOPAD_X1Y129;PS_MIO52_501;110.792;111.906;111.349;;FIXED_IO_40162;FIXED_IO_mio[52];INOUT;;;LVCMOS18;12;SLOW;;;;;;;;;FP_VTT_50;;
501;B20;IOPAD_X1Y128;PS_MIO51_501;103.078;104.114;103.596;;FIXED_IO_40162;FIXED_IO_mio[51];INOUT;;;LVCMOS18;12;SLOW;;;;;;;;;FP_VTT_50;;
501;B22;IOPAD_X1Y127;PS_MIO50_501;107.248;108.326;107.787;;FIXED_IO_40162;FIXED_IO_mio[50];INOUT;;;LVCMOS18;12;SLOW;;;;;;;;;FP_VTT_50;;
501;A18;IOPAD_X1Y126;PS_MIO49_501;105.471;106.531;106.001;;FIXED_IO_40162;FIXED_IO_mio[49];INOUT;;;LVCMOS18;12;SLOW;;;;;;;;;FP_VTT_50;;
501;B21;IOPAD_X1Y125;PS_MIO48_501;105.154;106.211;105.683;;FIXED_IO_40162;FIXED_IO_mio[48];INOUT;;;LVCMOS18;12;SLOW;;;;;;;;;FP_VTT_50;;
501;B19;IOPAD_X1Y124;PS_MIO47_501;100.726;101.739;101.233;;FIXED_IO_40162;FIXED_IO_mio[47];INOUT;;;LVCMOS18;12;SLOW;;;;;;;;;FP_VTT_50;;
501;E17;IOPAD_X1Y123;PS_MIO46_501;83.432;84.271;83.852;;FIXED_IO_40162;FIXED_IO_mio[46];INOUT;;;LVCMOS18;12;SLOW;;;;;;;;;FP_VTT_50;;
501;C18;IOPAD_X1Y122;PS_MIO45_501;92.027;92.952;92.490;;FIXED_IO_40162;FIXED_IO_mio[45];INOUT;;;LVCMOS18;12;SLOW;;;;;;;;;FP_VTT_50;;
501;E18;IOPAD_X1Y121;PS_MIO44_501;72.540;73.269;72.905;;FIXED_IO_40162;FIXED_IO_mio[44];INOUT;;;LVCMOS18;12;SLOW;;;;;;;;;FP_VTT_50;;
501;D18;IOPAD_X1Y120;PS_MIO43_501;83.994;84.838;84.416;;FIXED_IO_40162;FIXED_IO_mio[43];INOUT;;;LVCMOS18;12;SLOW;;;;;;;;;FP_VTT_50;;
501;F17;IOPAD_X1Y119;PS_MIO42_501;75.197;75.952;75.575;;FIXED_IO_40162;FIXED_IO_mio[42];INOUT;;;LVCMOS18;12;SLOW;;;;;;;;;FP_VTT_50;;
501;C19;IOPAD_X1Y118;PS_MIO41_501;96.576;97.547;97.062;;FIXED_IO_40162;FIXED_IO_mio[41];INOUT;;;LVCMOS18;12;SLOW;;;;;;;;;FP_VTT_50;;
501;C22;IOPAD_X1Y117;PS_MIO40_501;111.379;112.498;111.939;;FIXED_IO_40162;FIXED_IO_mio[40];INOUT;;;LVCMOS18;12;SLOW;;;;;;;;;FP_VTT_50;;
501;C21;IOPAD_X1Y116;PS_MIO39_501;113.164;114.302;113.733;;FIXED_IO_40162;FIXED_IO_mio[39];INOUT;;;LVCMOS18;12;SLOW;;;;;;;;;FP_VTT_50;;
501;D21;IOPAD_X1Y115;PS_MIO38_501;95.615;96.576;96.096;;FIXED_IO_40162;FIXED_IO_mio[38];INOUT;;;LVCMOS18;12;SLOW;;;;;;;;;FP_VTT_50;;
501;D20;IOPAD_X1Y114;PS_MIO37_501;98.006;98.991;98.499;;FIXED_IO_40162;FIXED_IO_mio[37];INOUT;;;LVCMOS18;12;SLOW;;;;;;;;;FP_VTT_50;;
501;K16;IOPAD_X1Y113;PS_MIO36_501;43.475;43.912;43.694;;FIXED_IO_40162;FIXED_IO_mio[36];INOUT;;;LVCMOS18;12;SLOW;;;;;;;;;FP_VTT_50;;
501;D19;IOPAD_X1Y112;PS_MIO35_501;90.891;91.804;91.348;;FIXED_IO_40162;FIXED_IO_mio[35];INOUT;;;LVCMOS18;12;SLOW;;;;;;;;;FP_VTT_50;;
501;J16;IOPAD_X1Y111;PS_MIO34_501;46.071;46.534;46.303;;FIXED_IO_40162;FIXED_IO_mio[34];INOUT;;;LVCMOS18;12;SLOW;;;;;;;;;FP_VTT_50;;
501;E22;IOPAD_X1Y110;PS_MIO33_501;101.241;102.259;101.750;;FIXED_IO_40162;FIXED_IO_mio[33];INOUT;;;LVCMOS18;12;SLOW;;;;;;;;;FP_VTT_50;;
501;K17;IOPAD_X1Y109;PS_MIO32_501;48.156;48.640;48.398;;FIXED_IO_40162;FIXED_IO_mio[32];INOUT;;;LVCMOS18;12;SLOW;;;;;;;;;FP_VTT_50;;
501;E21;IOPAD_X1Y108;PS_MIO31_501;110.914;112.029;111.472;;FIXED_IO_40162;FIXED_IO_mio[31];INOUT;;;LVCMOS18;12;SLOW;;;;;;;;;FP_VTT_50;;
501;K19;IOPAD_X1Y107;PS_MIO30_501;77.346;78.124;77.735;;FIXED_IO_40162;FIXED_IO_mio[30];INOUT;;;LVCMOS18;12;SLOW;;;;;;;;;FP_VTT_50;;
501;E20;IOPAD_X1Y106;PS_MIO29_501;89.573;90.473;90.023;;FIXED_IO_40162;FIXED_IO_mio[29];INOUT;;;LVCMOS18;12;SLOW;;;;;;;;;FP_VTT_50;;
501;J18;IOPAD_X1Y105;PS_MIO28_501;71.372;72.089;71.731;;FIXED_IO_40162;FIXED_IO_mio[28];INOUT;;;LVCMOS18;12;SLOW;;;;;;;;;FP_VTT_50;;
501;F18;IOPAD_X1Y104;PS_MIO27_501;78.315;79.103;78.709;;FIXED_IO_40162;FIXED_IO_mio[27];INOUT;;;LVCMOS18;12;SLOW;;;;;;;;;FP_VTT_50;;
501;H17;IOPAD_X1Y103;PS_MIO26_501;77.916;78.699;78.308;;FIXED_IO_40162;FIXED_IO_mio[26];INOUT;;;LVCMOS18;12;SLOW;;;;;;;;;FP_VTT_50;;
501;F19;IOPAD_X1Y102;PS_MIO25_501;77.503;78.282;77.893;;FIXED_IO_40162;FIXED_IO_mio[25];INOUT;;;LVCMOS18;12;SLOW;;;;;;;;;FP_VTT_50;;
501;J19;IOPAD_X1Y101;PS_MIO24_501;95.795;96.758;96.277;;FIXED_IO_40162;FIXED_IO_mio[24];INOUT;;;LVCMOS18;12;SLOW;;;;;;;;;FP_VTT_50;;
501;F20;IOPAD_X1Y100;PS_MIO23_501;87.324;88.202;87.763;;FIXED_IO_40162;FIXED_IO_mio[23];INOUT;;;LVCMOS18;12;SLOW;;;;;;;;;FP_VTT_50;;
501;G22;IOPAD_X1Y99;PS_MIO22_501;167.332;169.013;168.173;;FIXED_IO_40162;FIXED_IO_mio[22];INOUT;;;LVCMOS18;12;SLOW;;;;;;;;;FP_VTT_50;;
501;F22;IOPAD_X1Y98;PS_MIO21_501;102.013;103.039;102.526;;FIXED_IO_40162;FIXED_IO_mio[21];INOUT;;;LVCMOS18;12;SLOW;;;;;;;;;FP_VTT_50;;
501;H19;IOPAD_X1Y97;PS_MIO20_501;94.669;95.621;95.145;;FIXED_IO_40162;FIXED_IO_mio[20];INOUT;;;LVCMOS18;12;SLOW;;;;;;;;;FP_VTT_50;;
501;G19;IOPAD_X1Y96;PS_MIO19_501;105.669;106.731;106.200;;FIXED_IO_40162;FIXED_IO_mio[19];INOUT;;;LVCMOS18;12;SLOW;;;;;;;;;FP_VTT_50;;
501;G20;IOPAD_X1Y95;PS_MIO18_501;156.015;157.583;156.799;;FIXED_IO_40162;FIXED_IO_mio[18];INOUT;;;LVCMOS18;12;SLOW;;;;;;;;;FP_VTT_50;;
501;G17;IOPAD_X1Y94;PS_MIO17_501;87.297;88.174;87.736;;FIXED_IO_40162;FIXED_IO_mio[17];INOUT;;;LVCMOS18;12;SLOW;;;;;;;;;FP_VTT_50;;
501;G21;IOPAD_X1Y93;PS_MIO16_501;169.343;171.045;170.194;;FIXED_IO_40162;FIXED_IO_mio[16];INOUT;;;LVCMOS18;12;SLOW;;;;;;;;;FP_VTT_50;;
500;C24;IOPAD_X1Y92;PS_MIO15_500;111.517;112.638;112.078;;FIXED_IO_40162;FIXED_IO_mio[15];INOUT;;;LVCMOS18;12;SLOW;;;;;;;;;FP_VTT_50;;
500;D23;IOPAD_X1Y91;PS_MIO14_500;101.425;102.445;101.935;;FIXED_IO_40162;FIXED_IO_mio[14];INOUT;;;LVCMOS18;12;SLOW;;;;;;;;;FP_VTT_50;;
500;B25;IOPAD_X1Y90;PS_MIO13_500;128.067;129.354;128.711;;FIXED_IO_40162;FIXED_IO_mio[13];INOUT;;;LVCMOS18;12;SLOW;;;;;;;;;FP_VTT_50;;
500;A23;IOPAD_X1Y89;PS_MIO12_500;125.190;126.449;125.820;;FIXED_IO_40162;FIXED_IO_mio[12];INOUT;;;LVCMOS18;12;SLOW;;;;;;;;;FP_VTT_50;;
500;B26;IOPAD_X1Y88;PS_MIO11_500;131.785;133.109;132.447;;FIXED_IO_40162;FIXED_IO_mio[11];INOUT;;;LVCMOS18;12;SLOW;;;;;;;;;FP_VTT_50;;
500;A25;IOPAD_X1Y87;PS_MIO10_500;132.271;133.601;132.936;;FIXED_IO_40162;FIXED_IO_mio[10];INOUT;;;LVCMOS18;12;SLOW;;;;;;;;;FP_VTT_50;;
500;D24;IOPAD_X1Y86;PS_MIO9_500;110.607;111.719;111.163;;FIXED_IO_40162;FIXED_IO_mio[9];INOUT;;;LVCMOS18;12;SLOW;;;;;;;;;FP_VTT_50;;
500;A24;IOPAD_X1Y85;PS_MIO8_500;133.013;134.349;133.681;;FIXED_IO_40162;FIXED_IO_mio[8];INOUT;;;LVCMOS18;12;SLOW;;;;;;;;;FP_VTT_50;;
500;E23;IOPAD_X1Y84;PS_MIO7_500;101.908;102.932;102.420;;FIXED_IO_40162;FIXED_IO_mio[7];INOUT;;;LVCMOS18;12;SLOW;;;;;;;;;FP_VTT_50;;
500;F23;IOPAD_X1Y83;PS_MIO6_500;104.592;105.643;105.118;;FIXED_IO_40162;FIXED_IO_mio[6];INOUT;;;LVCMOS18;12;SLOW;;;;;;;;;FP_VTT_50;;
500;C26;IOPAD_X1Y82;PS_MIO5_500;137.325;138.706;138.016;;FIXED_IO_40162;FIXED_IO_mio[5];INOUT;;;LVCMOS18;12;SLOW;;;;;;;;;FP_VTT_50;;
500;F24;IOPAD_X1Y81;PS_MIO4_500;103.881;104.925;104.403;;FIXED_IO_40162;FIXED_IO_mio[4];INOUT;;;LVCMOS18;12;SLOW;;;;;;;;;FP_VTT_50;;
500;D25;IOPAD_X1Y80;PS_MIO3_500;126.714;127.987;127.351;;FIXED_IO_40162;FIXED_IO_mio[3];INOUT;;;LVCMOS18;12;SLOW;;;;;;;;;FP_VTT_50;;
500;E25;IOPAD_X1Y79;PS_MIO2_500;116.695;117.868;117.282;;FIXED_IO_40162;FIXED_IO_mio[2];INOUT;;;LVCMOS18;12;SLOW;;;;;;;;;FP_VTT_50;;
500;D26;IOPAD_X1Y78;PS_MIO1_500;127.887;129.172;128.530;;FIXED_IO_40162;FIXED_IO_mio[1];INOUT;;;LVCMOS18;12;SLOW;;;;;;;;;FP_VTT_50;;
500;E26;IOPAD_X1Y77;PS_MIO0_500;122.854;124.089;123.472;;FIXED_IO_40162;FIXED_IO_mio[0];INOUT;;;LVCMOS18;12;SLOW;;;;;;;;;FP_VTT_50;;
502;V21;IOPAD_X1Y2;PS_DDR_VRN_502;123.913;125.158;124.536;;FIXED_IO_40162;FIXED_IO_ddr_vrn;INOUT;;;SSTL15_T_DCI;;FAST;;;;;;;;;FP_VTT_50;;
502;W21;IOPAD_X1Y3;PS_DDR_VRP_502;123.666;124.908;124.287;;FIXED_IO_40162;FIXED_IO_ddr_vrp;INOUT;;;SSTL15_T_DCI;;FAST;;;;;;;;;FP_VTT_50;;
500;B24;IOPAD_X1Y26;PS_CLK_500;117.618;118.801;118.210;;FIXED_IO_40162;FIXED_IO_ps_clk;INOUT;;;LVCMOS33;12;FAST;;;;;;;;;FP_VTT_50;;
500;C23;IOPAD_X1Y132;PS_POR_B_500;107.958;109.043;108.501;;FIXED_IO_40162;FIXED_IO_ps_porb;INOUT;;;LVCMOS33;12;FAST;;;;;;;;;FP_VTT_50;;
501;A22;IOPAD_X1Y134;PS_SRST_B_501;113.477;114.617;114.047;;FIXED_IO_40162;FIXED_IO_ps_srstb;INOUT;;;LVCMOS33;12;FAST;;;;;;;;;FP_VTT_50;;
0;N14;IPAD_X0Y30;VP_0;62.276;62.902;62.589;;;;;;;;;;;;;;;;;;;;
0;P13;IPAD_X0Y31;VN_0;73.904;74.646;74.275;;;;;;;;;;;;;;;;;;;;
0;R13;;DXN_0;93.886;94.829;94.358;;;;;;;;;;;;;;;;;;;;
0;M14;;VCCADC_0;;;;;;;;;;;;;;;;;;;;;;;
0;M13;;GNDADC_0;;;;;;;;;;;;;;;;;;;;;;;
0;R14;;DXP_0;80.514;81.323;80.919;;;;;;;;;;;;;;;;;;;;
0;N13;;VREFN_0;66.630;67.300;66.965;;;;;;;;;;;;;;;;;;;;
0;P14;;VREFP_0;71.437;72.155;71.796;;;;;;;;;;;;;;;;;;;;
0;V15;;VCCBATT_0;;;;;;;;;;;;;;;;;;;;;;;
0;W12;;TCK_0;103.847;104.891;104.369;;;;;;;;;;;;;;;;;;;;
0;W11;;TMS_0;104.503;105.553;105.028;;;;;;;;;;;;;;;;;;;;
0;W10;;TDO_0;114.893;116.047;115.470;;;;;;;;;;;;;;;;;;;;
0;V11;;TDI_0;101.542;102.563;102.053;;;;;;;;;;;;;;;;;;;;
0;R8;;INIT_B_0;84.611;85.461;85.036;;;;;;;;;;;;;;;;;;;;
0;V9;;PROGRAM_B_0;111.492;112.613;112.053;;;;;;;;;;;;;;;;;;;;
0;T7;;CFGBVS_0;100.238;101.246;100.742;;;;;;;;;;;;;;;;;;;CFGBVS_0;
0;W9;;DONE_0;114.484;115.635;115.060;;;;;;;;;;;;;;;;;;;;
0;V12;;VCCO_0;;;;;;;;;;;;;;;;;;;;;;VCCO_0;
0;V14;;VCCO_0;;;;;;;;;;;;;;;;;;;;;;VCCO_0;
12;W14;IOB_X0Y49;IO_0_12;72.799;73.531;73.165;;;;;;;;;;;;;;;;;;;;
12;Y12;IOB_X0Y48;IO_L1P_T0_12;131.323;132.643;131.983;;;;;;;;;;;;;;;;;;;;
12;Y11;IOB_X0Y47;IO_L1N_T0_12;127.562;128.844;128.203;;;;;;;;;;;;;;;;;;;;
12;AB12;IOB_X0Y46;IO_L2P_T0_12;145.436;146.898;146.167;;;;;;;;;;;;;;;;;;;;
12;AC11;IOB_X0Y45;IO_L2N_T0_12;157.074;158.652;157.863;;;;;;;;;;;;;;;;;;;;
12;Y10;IOB_X0Y44;IO_L3P_T0_DQS_12;126.726;128.000;127.363;;;;;;;;;;;;;;;;;;;;
12;AA10;IOB_X0Y43;IO_L3N_T0_DQS_12;126.028;127.295;126.662;;;;;;;;;;;;;;;;;;;;
12;AB11;IOB_X0Y42;IO_L4P_T0_12;139.926;141.332;140.629;;;;;;;;;;;;;;;;;;;;
12;AB10;IOB_X0Y41;IO_L4N_T0_12;153.340;154.881;154.111;;;;;;;;;;;;;;;;;;;;
12;W13;IOB_X0Y40;IO_L5P_T0_12;126.707;127.980;127.344;;;;;;;;;;;;;;;;;;;;
12;Y13;IOB_X0Y39;IO_L5N_T0_12;125.896;127.162;126.529;;;;;;;;;;;;;;;;;;;;
12;AA13;IOB_X0Y38;IO_L6P_T0_12;127.287;128.566;127.927;;;;;;;;;;;;;;;;;;;;
12;AA12;IOB_X0Y37;IO_L6N_T0_VREF_12;127.957;129.243;128.600;;;;;;;;;;;;;;;;;;;;
12;AE10;IOB_X0Y36;IO_L7P_T1_12;135.756;137.120;136.438;;;;;;;;;;;;;;;;;;;;
12;AD10;IOB_X0Y35;IO_L7N_T1_12;135.487;136.849;136.168;;;;;;;;;;;;;;;;;;;;
12;AE12;IOB_X0Y34;IO_L8P_T1_12;137.702;139.086;138.394;;;;;;;;;;;;;;;;;;;;
12;AF12;IOB_X0Y33;IO_L8N_T1_12;152.795;154.330;153.563;;;;;;;;;;;;;;;;;;;;
12;AE11;IOB_X0Y32;IO_L9P_T1_DQS_12;167.283;168.964;168.124;;;;;;;;;;;;;;;;;;;;
12;AF10;IOB_X0Y31;IO_L9N_T1_DQS_12;167.500;169.183;168.342;;;;;;;;;;;;;;;;;;;;
12;AE13;IOB_X0Y30;IO_L10P_T1_12;135.375;136.736;136.056;;;;;;;;;;;;;;;;;;;;
12;AF13;IOB_X0Y29;IO_L10N_T1_12;143.082;144.520;143.801;;;;;;;;;;;;;;;;;;;;
12;AC12;IOB_X0Y28;IO_L11P_T1_SRCC_12;142.717;144.152;143.435;;;;;;;;;;;;;;;;;;;;
12;AD11;IOB_X0Y27;IO_L11N_T1_SRCC_12;139.967;141.374;140.671;;;;;;;;;;;;;;;;;;;;
12;AC13;IOB_X0Y26;IO_L12P_T1_MRCC_12;144.136;145.585;144.861;;;;;;;;;;;;;;;;;;;;
12;AD13;IOB_X0Y25;IO_L12N_T1_MRCC_12;141.344;142.764;142.054;;;;;;;;;;;;;;;;;;;;
12;AC14;IOB_X0Y24;IO_L13P_T2_MRCC_12;123.378;124.618;123.998;;;;;;;;;;;;;;;;;;;;
12;AD14;IOB_X0Y23;IO_L13N_T2_MRCC_12;120.679;121.892;121.286;;;;;;;;;;;;;;;;;;;;
12;AB15;IOB_X0Y22;IO_L14P_T2_SRCC_12;111.086;112.202;111.644;;;;;;;;;;;;;;;;;;;;
12;AB14;IOB_X0Y21;IO_L14N_T2_SRCC_12;110.472;111.582;111.027;;;;;;;;;;;;;;;;;;;;
12;AD16;IOB_X0Y20;IO_L15P_T2_DQS_12;103.572;104.613;104.093;;;;;;;;;;;;;;;;;;;;
12;AD15;IOB_X0Y19;IO_L15N_T2_DQS_12;104.057;105.103;104.580;;;;;;;;;;;;;;;;;;;;
12;AF15;IOB_X0Y18;IO_L16P_T2_12;105.331;106.389;105.860;;;;;;;;;;;;;;;;;;;;
12;AF14;IOB_X0Y17;IO_L16N_T2_12;117.813;118.997;118.405;;;;;;;;;;;;;;;;;;;;
12;AE16;IOB_X0Y16;IO_L17P_T2_12;98.690;99.682;99.186;;;;;;;;;;;;;;;;;;;;
12;AE15;IOB_X0Y15;IO_L17N_T2_12;100.799;101.812;101.306;;;;;;;;;;;;;;;;;;;;
12;AE17;IOB_X0Y14;IO_L18P_T2_12;98.918;99.913;99.416;;;;;;;;;;;;;;;;;;;;
12;AF17;IOB_X0Y13;IO_L18N_T2_12;102.480;103.510;102.995;;;;;;;;;;;;;;;;;;;;
12;Y17;IOB_X0Y12;IO_L19P_T3_12;56.664;57.233;56.949;;;;;;;;;;;;;;;;;;;;
12;AA17;IOB_X0Y11;IO_L19N_T3_VREF_12;60.897;61.509;61.203;;;;;;;;;;;;;;;;;;;;
12;AB17;IOB_X0Y10;IO_L20P_T3_12;76.614;77.384;76.999;;;;;;;;;;;;;;;;;;;;
12;AB16;IOB_X0Y9;IO_L20N_T3_12;73.468;74.207;73.838;;;;;;;;;;;;;;;;;;;;
12;AC17;IOB_X0Y8;IO_L21P_T3_DQS_12;81.378;82.196;81.787;;;;;;;;;;;;;;;;;;;;
12;AC16;IOB_X0Y7;IO_L21N_T3_DQS_12;80.916;81.730;81.323;;;;;;;;;;;;;;;;;;;;
12;AA15;IOB_X0Y6;IO_L22P_T3_12;67.145;67.820;67.483;;;;;;;;;;;;;;;;;;;;
12;AA14;IOB_X0Y5;IO_L22N_T3_12;77.042;77.816;77.429;;;;;;;;;;;;;;;;;;;;
12;Y16;IOB_X0Y4;IO_L23P_T3_12;58.108;58.692;58.400;;;;;;;;;;;;;;;;;;;;
12;Y15;IOB_X0Y3;IO_L23N_T3_12;61.800;62.421;62.111;;;;;;;;;;;;;;;;;;;;
12;W16;IOB_X0Y2;IO_L24P_T3_12;49.235;49.730;49.483;;;;;;;;;;;;;;;;;;;;
12;W15;IOB_X0Y1;IO_L24N_T3_12;54.094;54.638;54.366;;;;;;;;;;;;;;;;;;;;
12;W17;IOB_X0Y0;IO_25_12;44.667;45.116;44.892;;;;;;;;;;;;;;;;;;;;
12;AA16;;VCCO_12;;;;;;;;;;;;;;;;;;;;;;VCCO_12;
12;AB13;;VCCO_12;;;;;;;;;;;;;;;;;;;;;;VCCO_12;
12;AC10;;VCCO_12;;;;;;;;;;;;;;;;;;;;;;VCCO_12;
12;AD17;;VCCO_12;;;;;;;;;;;;;;;;;;;;;;VCCO_12;
12;AE14;;VCCO_12;;;;;;;;;;;;;;;;;;;;;;VCCO_12;
12;AF11;;VCCO_12;;;;;;;;;;;;;;;;;;;;;;VCCO_12;
13;V19;IOB_X0Y99;IO_0_13;72.746;73.477;73.112;;;;;;;;;;;;;;;;;;;;
13;AA25;IOB_X0Y98;IO_L1P_T0_13;124.514;125.766;125.140;;;;;;;;;;;;;;;;;;;;
13;AB25;IOB_X0Y97;IO_L1N_T0_13;129.937;131.243;130.590;;;;;;;;;;;;;;;;;;;;
13;AB26;IOB_X0Y96;IO_L2P_T0_13;129.095;130.392;129.744;;;;;;;;;;;;;;;;;;;;
13;AC26;IOB_X0Y95;IO_L2N_T0_13;140.401;141.812;141.107;;;;;;;;;;;;;;;;;;;;
13;AE25;IOB_X0Y94;IO_L3P_T0_DQS_13;156.496;158.069;157.283;;;;;;;;;;;;;;;;;;;;
13;AE26;IOB_X0Y93;IO_L3N_T0_DQS_13;156.380;157.952;157.166;;;;;;;;;;;;;;;;;;;;
13;AD25;IOB_X0Y92;IO_L4P_T0_13;141.362;142.783;142.073;;;;;;;;;;;;;;;;;;;;
13;AD26;IOB_X0Y91;IO_L4N_T0_13;152.387;153.919;153.153;;;;;;;;;;;;;;;;;;;;
13;AF24;IOB_X0Y90;IO_L5P_T0_13;146.421;147.893;147.157;;;;;;;;;;;;;;;;;;;;
13;AF25;IOB_X0Y89;IO_L5N_T0_13;157.520;159.104;158.312;;;;;;;;;;;;;;;;;;;;
13;AA24;IOB_X0Y88;IO_L6P_T0_13;123.583;124.825;124.204;;;;;;;;;;;;;;;;;;;;
13;AB24;IOB_X0Y87;IO_L6N_T0_VREF_13;123.206;124.444;123.825;;;;;;;;;;;;;;;;;;;;
13;AE22;IOB_X0Y86;IO_L7P_T1_13;163.472;165.115;164.294;;;;;;;;;;;;;;;;;;;;
13;AF22;IOB_X0Y85;IO_L7N_T1_13;158.187;159.777;158.982;;;;;;;;;;;;;;;;;;;;
13;AE23;IOB_X0Y84;IO_L8P_T1_13;139.287;140.687;139.987;;;;;;;;;;;;;;;;;;;;
13;AF23;IOB_X0Y83;IO_L8N_T1_13;147.702;149.187;148.445;;;;;;;;;;;;;;;;;;;;
13;AB21;IOB_X0Y82;IO_L9P_T1_DQS_13;129.301;130.600;129.951;;;;;;;;;;;;;;;;;;;;
13;AB22;IOB_X0Y81;IO_L9N_T1_DQS_13;129.497;130.799;130.148;;;;;;;;;;;;;;;;;;;;
13;AA22;IOB_X0Y80;IO_L10P_T1_13;129.522;130.824;130.173;;;;;;;;;;;;;;;;;;;;
13;AA23;IOB_X0Y79;IO_L10N_T1_13;129.395;130.696;130.046;;;;;;;;;;;;;;;;;;;;
13;AD23;IOB_X0Y78;IO_L11P_T1_SRCC_13;135.342;136.703;136.023;;;;;;;;;;;;;;;;;;;;
13;AD24;IOB_X0Y77;IO_L11N_T1_SRCC_13;137.319;138.699;138.009;;;;;;;;;;;;;;;;;;;;
13;AC23;IOB_X0Y76;IO_L12P_T1_MRCC_13;129.264;130.563;129.914;;;;;;;;;;;;;;;;;;;;
13;AC24;IOB_X0Y75;IO_L12N_T1_MRCC_13;129.377;130.678;130.028;;;;;;;;;;;;;;;;;;;;
13;AD20;IOB_X0Y74;IO_L13P_T2_MRCC_13;138.460;139.852;139.156;;;;;;;;;;;;;;;;;;;;
13;AD21;IOB_X0Y73;IO_L13N_T2_MRCC_13;135.730;137.094;136.412;;;;;;;;;;;;;;;;;;;;
13;AC21;IOB_X0Y72;IO_L14P_T2_SRCC_13;120.525;121.736;121.131;;;;;;;;;;;;;;;;;;;;
13;AC22;IOB_X0Y71;IO_L14N_T2_SRCC_13;119.835;121.039;120.437;;;;;;;;;;;;;;;;;;;;
13;AF19;IOB_X0Y70;IO_L15P_T2_DQS_13;154.064;155.612;154.838;;;;;;;;;;;;;;;;;;;;
13;AF20;IOB_X0Y69;IO_L15N_T2_DQS_13;153.641;155.185;154.413;;;;;;;;;;;;;;;;;;;;
13;AE20;IOB_X0Y68;IO_L16P_T2_13;127.012;128.289;127.651;;;;;;;;;;;;;;;;;;;;
13;AE21;IOB_X0Y67;IO_L16N_T2_13;120.114;121.321;120.718;;;;;;;;;;;;;;;;;;;;
13;AD18;IOB_X0Y66;IO_L17P_T2_13;142.164;143.593;142.879;;;;;;;;;;;;;;;;;;;;
13;AD19;IOB_X0Y65;IO_L17N_T2_13;131.591;132.913;132.252;;;;;;;;;;;;;;;;;;;;
13;AE18;IOB_X0Y64;IO_L18P_T2_13;132.265;133.594;132.930;;;;;;;;;;;;;;;;;;;;
13;AF18;IOB_X0Y63;IO_L18N_T2_13;135.738;137.102;136.420;;;;;;;;;;;;;;;;;;;;
13;W20;IOB_X0Y62;IO_L19P_T3_13;83.156;83.992;83.574;;;;;;;;;;;;;;;;;;;;
13;Y20;IOB_X0Y61;IO_L19N_T3_VREF_13;83.252;84.089;83.671;;;;;;;;;;;;;;;;;;;;
13;AA20;IOB_X0Y60;IO_L20P_T3_13;90.835;91.748;91.292;;;;;;;;;;;;;;;;;;;;
13;AB20;IOB_X0Y59;IO_L20N_T3_13;92.721;93.653;93.187;;;;;;;;;;;;;;;;;;;;
13;AC18;IOB_X0Y58;IO_L21P_T3_DQS_13;116.810;117.984;117.397;;;;;;;;;;;;;;;;;;;;
13;AC19;IOB_X0Y57;IO_L21N_T3_DQS_13;116.451;117.622;117.037;;;;;;;;;;;;;;;;;;;;
13;AA19;IOB_X0Y56;IO_L22P_T3_13;92.197;93.124;92.661;;;;;;;;;;;;;;;;;;;;
13;AB19;IOB_X0Y55;IO_L22N_T3_13;91.315;92.233;91.774;;;;;;;;;;;;;;;;;;;;
13;W18;IOB_X0Y54;IO_L23P_T3_13;109.168;110.265;109.717;;;;;;;;;;;;;;;;;;;;
13;W19;IOB_X0Y53;IO_L23N_T3_13;104.120;105.166;104.643;;;;;;;;;;;;;;;;;;;;
13;Y18;IOB_X0Y52;IO_L24P_T3_13;87.699;88.580;88.140;;;;;;;;;;;;;;;;;;;;
13;AA18;IOB_X0Y51;IO_L24N_T3_13;89.613;90.513;90.063;;;;;;;;;;;;;;;;;;;;
13;V18;IOB_X0Y50;IO_25_13;112.326;113.455;112.891;;;;;;;;;;;;;;;;;;;;
13;AA26;;VCCO_13;;;;;;;;;;;;;;;;;;;;;;VCCO_13;
13;AB23;;VCCO_13;;;;;;;;;;;;;;;;;;;;;;VCCO_13;
13;AC20;;VCCO_13;;;;;;;;;;;;;;;;;;;;;;VCCO_13;
13;AE24;;VCCO_13;;;;;;;;;;;;;;;;;;;;;;VCCO_13;
13;AF21;;VCCO_13;;;;;;;;;;;;;;;;;;;;;;VCCO_13;
13;Y19;;VCCO_13;;;;;;;;;;;;;;;;;;;;;;VCCO_13;
33;L9;IOB_X1Y99;IO_0_VRN_33;54.808;55.358;55.083;;;;;;;;;;;;;;;;;;;;
33;G4;IOB_X1Y98;IO_L1P_T0_33;128.434;129.725;129.080;;;;;;;;;;;;;;;;;;;;
33;F4;IOB_X1Y97;IO_L1N_T0_33;128.599;129.892;129.246;;;;;;;;;;;;;;;;;;;;
33;D4;IOB_X1Y96;IO_L2P_T0_33;134.209;135.558;134.884;;;;;;;;;;;;;;;;;;;;
33;D3;IOB_X1Y95;IO_L2N_T0_33;142.678;144.112;143.395;;;;;;;;;;;;;;;;;;;;
33;G2;IOB_X1Y94;IO_L3P_T0_DQS_33;129.686;130.989;130.338;;;;;;;;;;;;;;;;;;;;
33;F2;IOB_X1Y93;IO_L3N_T0_DQS_33;130.100;131.408;130.754;;;;;;;;;;;;;;;;;;;;
33;D1;IOB_X1Y92;IO_L4P_T0_33;150.621;152.134;151.378;;;;;;;;;;;;;;;;;;;;
33;C1;IOB_X1Y91;IO_L4N_T0_33;161.493;163.116;162.305;;;;;;;;;;;;;;;;;;;;
33;E2;IOB_X1Y90;IO_L5P_T0_33;139.489;140.891;140.190;;;;;;;;;;;;;;;;;;;;
33;E1;IOB_X1Y89;IO_L5N_T0_33;141.820;143.245;142.533;;;;;;;;;;;;;;;;;;;;
33;F3;IOB_X1Y88;IO_L6P_T0_33;136.378;137.748;137.063;;;;;;;;;;;;;;;;;;;;
33;E3;IOB_X1Y87;IO_L6N_T0_VREF_33;143.314;144.755;144.035;;;;;;;;;;;;;;;;;;;;
33;J1;IOB_X1Y86;IO_L7P_T1_33;115.635;116.797;116.216;;;;;;;;;;;;;;;;;;;;
33;H1;IOB_X1Y85;IO_L7N_T1_33;125.915;127.180;126.548;;;;;;;;;;;;;;;;;;;;
33;H4;IOB_X1Y84;IO_L8P_T1_33;117.701;118.884;118.293;;;;;;;;;;;;;;;;;;;;
33;H3;IOB_X1Y83;IO_L8N_T1_33;118.602;119.794;119.198;;;;;;;;;;;;;;;;;;;;
33;K2;IOB_X1Y82;IO_L9P_T1_DQS_33;116.337;117.506;116.922;;;;;;;;;;;;;;;;;;;;
33;K1;IOB_X1Y81;IO_L9N_T1_DQS_33;117.002;118.178;117.590;;;;;;;;;;;;;;;;;;;;
33;H2;IOB_X1Y80;IO_L10P_T1_33;124.861;126.116;125.489;;;;;;;;;;;;;;;;;;;;
33;G1;IOB_X1Y79;IO_L10N_T1_33;135.081;136.438;135.760;;;;;;;;;;;;;;;;;;;;
33;L3;IOB_X1Y78;IO_L11P_T1_SRCC_33;104.100;105.146;104.623;;;;;;;;;;;;;;;;;;;;
33;K3;IOB_X1Y77;IO_L11N_T1_SRCC_33;106.335;107.403;106.869;;;;;;;;;;;;;;;;;;;;
33;J4;IOB_X1Y76;IO_L12P_T1_MRCC_33;109.283;110.381;109.832;;;;;;;;;;;;;;;;;;;;
33;J3;IOB_X1Y75;IO_L12N_T1_MRCC_33;106.580;107.651;107.116;;;;;;;;;;;;;;;;;;;;
33;M6;IOB_X1Y74;IO_L13P_T2_MRCC_33;88.367;89.256;88.812;;;;;;;;;;;;;;;;;;;;
33;M5;IOB_X1Y73;IO_L13N_T2_MRCC_33;88.167;89.053;88.610;;;;;;;;;;;;;;;;;;;;
33;L5;IOB_X1Y72;IO_L14P_T2_SRCC_33;88.255;89.142;88.699;;;;;;;;;;;;;;;;;;;;
33;L4;IOB_X1Y71;IO_L14N_T2_SRCC_33;88.694;89.585;89.140;;;;;;;;;;;;;;;;;;;;
33;N3;IOB_X1Y70;IO_L15P_T2_DQS_33;102.033;103.058;102.546;;;;;;;;;;;;;;;;;;;;
33;N2;IOB_X1Y69;IO_L15N_T2_DQS_33;101.868;102.892;102.380;;;;;;;;;;;;;;;;;;;;
33;M2;IOB_X1Y68;IO_L16P_T2_33;104.150;105.197;104.674;;;;;;;;;;;;;;;;;;;;
33;L2;IOB_X1Y67;IO_L16N_T2_33;110.463;111.573;111.018;;;;;;;;;;;;;;;;;;;;
33;N4;IOB_X1Y66;IO_L17P_T2_33;94.174;95.120;94.647;;;;;;;;;;;;;;;;;;;;
33;M4;IOB_X1Y65;IO_L17N_T2_33;96.381;97.350;96.866;;;;;;;;;;;;;;;;;;;;
33;N1;IOB_X1Y64;IO_L18P_T2_33;122.643;123.875;123.259;;;;;;;;;;;;;;;;;;;;
33;M1;IOB_X1Y63;IO_L18N_T2_33;112.376;113.506;112.941;;;;;;;;;;;;;;;;;;;;
33;M7;IOB_X1Y62;IO_L19P_T3_33;137.775;139.160;138.468;;;;;;;;;;;;;;;;;;;;
33;L7;IOB_X1Y61;IO_L19N_T3_VREF_33;134.512;135.864;135.188;;;;;;;;;;;;;;;;;;;;
33;K5;IOB_X1Y60;IO_L20P_T3_33;104.085;105.131;104.608;;;;;;;;;;;;;;;;;;;;
33;J5;IOB_X1Y59;IO_L20N_T3_33;111.125;112.242;111.684;;;;;;;;;;;;;;;;;;;;
33;M8;IOB_X1Y58;IO_L21P_T3_DQS_33;104.205;105.252;104.729;;;;;;;;;;;;;;;;;;;;
33;L8;IOB_X1Y57;IO_L21N_T3_DQS_33;104.215;105.262;104.739;;;;;;;;;;;;;;;;;;;;
33;K6;IOB_X1Y56;IO_L22P_T3_33;109.347;110.446;109.897;;;;;;;;;;;;;;;;;;;;
33;J6;IOB_X1Y55;IO_L22N_T3_33;117.496;118.677;118.087;;;;;;;;;;;;;;;;;;;;
33;N7;IOB_X1Y54;IO_L23P_T3_33;125.981;127.247;126.614;;;;;;;;;;;;;;;;;;;;
33;N6;IOB_X1Y53;IO_L23N_T3_33;114.027;115.173;114.600;;;;;;;;;;;;;;;;;;;;
33;K8;IOB_X1Y52;IO_L24P_T3_33;119.954;121.159;120.557;;;;;;;;;;;;;;;;;;;;
33;K7;IOB_X1Y51;IO_L24N_T3_33;115.748;116.912;116.330;;;;;;;;;;;;;;;;;;;;
33;N8;IOB_X1Y50;IO_25_VRP_33;62.114;62.738;62.426;;;;;;;;;;;;;;;;;;;;
33;E4;;VCCO_33;;;;;;;;;;;;;;;;;;;;;;VCCO_33;0.00-1.80
33;F1;;VCCO_33;;;;;;;;;;;;;;;;;;;;;;VCCO_33;0.00-1.80
33;H5;;VCCO_33;;;;;;;;;;;;;;;;;;;;;;VCCO_33;0.00-1.80
33;J2;;VCCO_33;;;;;;;;;;;;;;;;;;;;;;VCCO_33;0.00-1.80
33;L6;;VCCO_33;;;;;;;;;;;;;;;;;;;;;;VCCO_33;0.00-1.80
33;M3;;VCCO_33;;;;;;;;;;;;;;;;;;;;;;VCCO_33;0.00-1.80
34;K11;IOB_X1Y149;IO_0_VRN_34;46.387;46.853;46.620;;;;;;;;;;;;;;;;;;;;
34;J11;IOB_X1Y148;IO_L1P_T0_34;73.037;73.771;73.404;;;;;;;;;;;;;;;;;;;;
34;H11;IOB_X1Y147;IO_L1N_T0_34;75.745;76.507;76.126;;;;;;;;;;;;;;;;;;;;
34;G6;IOB_X1Y146;IO_L2P_T0_34;83.575;84.415;83.995;;;;;;;;;;;;;;;;;;;;
34;G5;IOB_X1Y145;IO_L2N_T0_34;94.891;95.845;95.368;;;;;;;;;;;;;;;;;;;;
34;H9;IOB_X1Y144;IO_L3P_T0_DQS_PUDC_B_34;83.937;84.781;84.359;;;;;;;;;;;;;;;;;;;;
34;G9;IOB_X1Y143;IO_L3N_T0_DQS_34;83.567;84.407;83.987;;;;;;;;;;;;;;;;;;;;
34;H7;IOB_X1Y142;IO_L4P_T0_34;74.736;75.487;75.112;;;;;;;;;;;;;;;;;;;;
34;H6;IOB_X1Y141;IO_L4N_T0_34;83.872;84.715;84.294;;;;;;;;;;;;;;;;;;;;
34;J10;IOB_X1Y140;IO_L5P_T0_34;93.261;94.198;93.730;;;;;;;;;;;;;;;;;;;;
34;J9;IOB_X1Y139;IO_L5N_T0_34;98.098;99.084;98.591;;;;;;;;;;;;;;;;;;;;
34;J8;IOB_X1Y138;IO_L6P_T0_34;105.084;106.141;105.613;;;;;;;;;;;;;;;;;;;;
34;H8;IOB_X1Y137;IO_L6N_T0_VREF_34;106.936;108.011;107.474;;;;;;;;;;;;;;;;;;;;
34;F5;IOB_X1Y136;IO_L7P_T1_34;133.163;134.501;133.832;;;;;;;;;;;;;;;;;;;;
34;E5;IOB_X1Y135;IO_L7N_T1_34;129.954;131.261;130.608;;;;;;;;;;;;;;;;;;;;
34;D9;IOB_X1Y134;IO_L8P_T1_34;123.850;125.095;124.473;;;;;;;;;;;;;;;;;;;;
34;D8;IOB_X1Y133;IO_L8N_T1_34;122.211;123.440;122.826;;;;;;;;;;;;;;;;;;;;
34;F9;IOB_X1Y132;IO_L9P_T1_DQS_34;104.307;105.355;104.831;;;;;;;;;;;;;;;;;;;;
34;E8;IOB_X1Y131;IO_L9N_T1_DQS_34;104.647;105.699;105.173;;;;;;;;;;;;;;;;;;;;
34;E6;IOB_X1Y130;IO_L10P_T1_34;112.382;113.512;112.947;;;;;;;;;;;;;;;;;;;;
34;D5;IOB_X1Y129;IO_L10N_T1_34;122.147;123.375;122.761;;;;;;;;;;;;;;;;;;;;
34;F8;IOB_X1Y128;IO_L11P_T1_SRCC_34;115.200;116.357;115.779;;;;;;;;;;;;;;;;;;;;
34;E7;IOB_X1Y127;IO_L11N_T1_SRCC_34;117.217;118.395;117.806;;;;;;;;;;;;;;;;;;;;
34;G7;IOB_X1Y126;IO_L12P_T1_MRCC_34;111.419;112.539;111.979;;;;;;;;;;;;;;;;;;;;
34;F7;IOB_X1Y125;IO_L12N_T1_MRCC_34;111.762;112.885;112.324;;;;;;;;;;;;;;;;;;;;
34;C8;IOB_X1Y124;IO_L13P_T2_MRCC_34;142.461;143.893;143.177;;;;;;;;;;;;;;;;;;;;
34;C7;IOB_X1Y123;IO_L13N_T2_MRCC_34;144.747;146.202;145.475;;;;;;;;;;;;;;;;;;;;
34;D6;IOB_X1Y122;IO_L14P_T2_SRCC_34;142.772;144.207;143.490;;;;;;;;;;;;;;;;;;;;
34;C6;IOB_X1Y121;IO_L14N_T2_SRCC_34;142.584;144.017;143.301;;;;;;;;;;;;;;;;;;;;
34;C9;IOB_X1Y120;IO_L15P_T2_DQS_34;164.518;166.172;165.345;;;;;;;;;;;;;;;;;;;;
34;B9;IOB_X1Y119;IO_L15N_T2_DQS_34;163.902;165.549;164.726;;;;;;;;;;;;;;;;;;;;
34;B10;IOB_X1Y118;IO_L16P_T2_34;158.190;159.780;158.985;;;;;;;;;;;;;;;;;;;;
34;A10;IOB_X1Y117;IO_L16N_T2_34;160.480;162.092;161.286;;;;;;;;;;;;;;;;;;;;
34;A9;IOB_X1Y116;IO_L17P_T2_34;178.305;180.097;179.201;;;;;;;;;;;;;;;;;;;;
34;A8;IOB_X1Y115;IO_L17N_T2_34;168.060;169.749;168.905;;;;;;;;;;;;;;;;;;;;
34;B7;IOB_X1Y114;IO_L18P_T2_34;143.340;144.781;144.061;;;;;;;;;;;;;;;;;;;;
34;A7;IOB_X1Y113;IO_L18N_T2_34;143.958;145.405;144.682;;;;;;;;;;;;;;;;;;;;
34;C4;IOB_X1Y112;IO_L19P_T3_34;142.886;144.322;143.604;;;;;;;;;;;;;;;;;;;;
34;C3;IOB_X1Y111;IO_L19N_T3_VREF_34;142.856;144.292;143.574;;;;;;;;;;;;;;;;;;;;
34;B5;IOB_X1Y110;IO_L20P_T3_34;138.313;139.703;139.008;;;;;;;;;;;;;;;;;;;;
34;B4;IOB_X1Y109;IO_L20N_T3_34;142.758;144.193;143.476;;;;;;;;;;;;;;;;;;;;
34;B6;IOB_X1Y108;IO_L21P_T3_DQS_34;153.683;155.227;154.455;;;;;;;;;;;;;;;;;;;;
34;A5;IOB_X1Y107;IO_L21N_T3_DQS_34;154.627;156.181;155.404;;;;;;;;;;;;;;;;;;;;
34;A4;IOB_X1Y106;IO_L22P_T3_34;154.365;155.916;155.141;;;;;;;;;;;;;;;;;;;;
34;A3;IOB_X1Y105;IO_L22N_T3_34;155.455;157.017;156.236;;;;;;;;;;;;;;;;;;;;
34;C2;IOB_X1Y104;IO_L23P_T3_34;156.846;158.422;157.634;;;;;;;;;;;;;;;;;;;;
34;B1;IOB_X1Y103;IO_L23N_T3_34;160.956;162.574;161.765;;;;;;;;;;;;;;;;;;;;
34;B2;IOB_X1Y102;IO_L24P_T3_34;159.895;161.502;160.699;;;;;;;;;;;;;;;;;;;;
34;A2;IOB_X1Y101;IO_L24N_T3_34;167.685;169.370;168.528;;;;;;;;;;;;;;;;;;;;
34;K10;IOB_X1Y100;IO_25_VRP_34;56.895;57.467;57.181;;;;;;;;;;;;;;;;;;;;
34;A6;;VCCO_34;;;;;;;;;;;;;;;;;;;;;;VCCO_34;0.00-1.80
34;B3;;VCCO_34;;;;;;;;;;;;;;;;;;;;;;VCCO_34;0.00-1.80
34;C10;;VCCO_34;;;;;;;;;;;;;;;;;;;;;;VCCO_34;0.00-1.80
34;D7;;VCCO_34;;;;;;;;;;;;;;;;;;;;;;VCCO_34;0.00-1.80
34;G8;;VCCO_34;;;;;;;;;;;;;;;;;;;;;;VCCO_34;0.00-1.80
34;K9;;VCCO_34;;;;;;;;;;;;;;;;;;;;;;VCCO_34;0.00-1.80
35;H16;IOB_X1Y199;IO_0_VRN_35;83.228;84.065;83.647;;;;;;;;;;;;;;;;;;;;
35;F12;IOB_X1Y198;IO_L1P_T0_AD0P_35;69.316;70.013;69.665;;;;;;;;;;;;;;;;;;;;
35;E12;IOB_X1Y197;IO_L1N_T0_AD0N_35;74.961;75.714;75.338;;;;;;;;;;;;;;;;;;;;
35;E10;IOB_X1Y196;IO_L2P_T0_AD8P_35;86.429;87.297;86.863;;;;;;;;;;;;;;;;;;;;
35;D10;IOB_X1Y195;IO_L2N_T0_AD8N_35;98.067;99.053;98.560;;;;;;;;;;;;;;;;;;;;
35;G10;IOB_X1Y194;IO_L3P_T0_DQS_AD1P_35;65.119;65.774;65.447;;;;;;;;;;;;;;;;;;;;
35;F10;IOB_X1Y193;IO_L3N_T0_DQS_AD1N_35;65.408;66.065;65.737;;;;;;;;;;;;;;;;;;;;
35;E11;IOB_X1Y192;IO_L4P_T0_35;88.871;89.764;89.318;;;;;;;;;;;;;;;;;;;;
35;D11;IOB_X1Y191;IO_L4N_T0_35;99.197;100.194;99.696;;;;;;;;;;;;;;;;;;;;
35;G12;IOB_X1Y190;IO_L5P_T0_AD9P_35;65.900;66.562;66.231;;;;;;;;;;;;;;;;;;;;
35;G11;IOB_X1Y189;IO_L5N_T0_AD9N_35;66.872;67.544;67.208;;;;;;;;;;;;;;;;;;;;
35;F13;IOB_X1Y188;IO_L6P_T0_35;87.025;87.899;87.462;;;;;;;;;;;;;;;;;;;;
35;E13;IOB_X1Y187;IO_L6N_T0_VREF_35;98.771;99.764;99.268;;;;;;;;;;;;;;;;;;;;
35;H13;IOB_X1Y186;IO_L7P_T1_AD2P_35;75.948;76.711;76.330;;;;;;;;;;;;;;;;;;;;
35;H12;IOB_X1Y185;IO_L7N_T1_AD2N_35;75.147;75.902;75.525;;;;;;;;;;;;;;;;;;;;
35;K13;IOB_X1Y184;IO_L8P_T1_AD10P_35;95.165;96.121;95.643;;;;;;;;;;;;;;;;;;;;
35;J13;IOB_X1Y183;IO_L8N_T1_AD10N_35;87.991;88.875;88.433;;;;;;;;;;;;;;;;;;;;
35;K15;IOB_X1Y182;IO_L9P_T1_DQS_AD3P_35;76.419;77.187;76.803;;;;;;;;;;;;;;;;;;;;
35;J15;IOB_X1Y181;IO_L9N_T1_DQS_AD3N_35;75.872;76.634;76.253;;;;;;;;;;;;;;;;;;;;
35;G16;IOB_X1Y180;IO_L10P_T1_AD11P_35;109.549;110.650;110.100;;;;;;;;;;;;;;;;;;;;
35;G15;IOB_X1Y179;IO_L10N_T1_AD11N_35;107.043;108.119;107.581;;;;;;;;;;;;;;;;;;;;
35;G14;IOB_X1Y178;IO_L11P_T1_SRCC_35;95.615;96.576;96.096;;;;;;;;;;;;;;;;;;;;
35;F14;IOB_X1Y177;IO_L11N_T1_SRCC_35;96.408;97.377;96.893;;;;;;;;;;;;;;;;;;;;
35;J14;IOB_X1Y176;IO_L12P_T1_MRCC_35;103.364;104.403;103.884;;;;;;;;;;;;;;;;;;;;
35;H14;IOB_X1Y175;IO_L12N_T1_MRCC_35;100.442;101.451;100.947;;;;;;;;;;;;;;;;;;;;
35;D15;IOB_X1Y174;IO_L13P_T2_MRCC_35;129.757;131.061;130.409;;;;;;;;;;;;;;;;;;;;
35;D14;IOB_X1Y173;IO_L13N_T2_MRCC_35;126.936;128.212;127.574;;;;;;;;;;;;;;;;;;;;
35;F15;IOB_X1Y172;IO_L14P_T2_AD4P_SRCC_35;122.867;124.102;123.485;;;;;;;;;;;;;;;;;;;;
35;E15;IOB_X1Y171;IO_L14N_T2_AD4N_SRCC_35;123.141;124.378;123.760;;;;;;;;;;;;;;;;;;;;
35;C17;IOB_X1Y170;IO_L15P_T2_DQS_AD12P_35;155.311;156.872;156.092;;;;;;;;;;;;;;;;;;;;
35;C16;IOB_X1Y169;IO_L15N_T2_DQS_AD12N_35;155.844;157.410;156.627;;;;;;;;;;;;;;;;;;;;
35;E16;IOB_X1Y168;IO_L16P_T2_35;122.991;124.227;123.609;;;;;;;;;;;;;;;;;;;;
35;D16;IOB_X1Y167;IO_L16N_T2_35;123.239;124.478;123.859;;;;;;;;;;;;;;;;;;;;
35;B16;IOB_X1Y166;IO_L17P_T2_AD5P_35;148.828;150.324;149.576;;;;;;;;;;;;;;;;;;;;
35;B15;IOB_X1Y165;IO_L17N_T2_AD5N_35;135.864;137.230;136.547;;;;;;;;;;;;;;;;;;;;
35;B17;IOB_X1Y164;IO_L18P_T2_AD13P_35;143.376;144.817;144.097;;;;;;;;;;;;;;;;;;;;
35;A17;IOB_X1Y163;IO_L18N_T2_AD13N_35;146.439;147.911;147.175;;;;;;;;;;;;;;;;;;;;
35;D13;IOB_X1Y162;IO_L19P_T3_35;130.188;131.496;130.842;;;;;;;;;;;;;;;;;;;;
35;C13;IOB_X1Y161;IO_L19N_T3_VREF_35;130.029;131.336;130.683;;;;;;;;;;;;;;;;;;;;
35;C14;IOB_X1Y160;IO_L20P_T3_AD6P_35;130.149;131.457;130.803;;;;;;;;;;;;;;;;;;;;
35;B14;IOB_X1Y159;IO_L20N_T3_AD6N_35;133.082;134.420;133.751;;;;;;;;;;;;;;;;;;;;
35;A15;IOB_X1Y158;IO_L21P_T3_DQS_AD14P_35;164.041;165.690;164.866;;;;;;;;;;;;;;;;;;;;
35;A14;IOB_X1Y157;IO_L21N_T3_DQS_AD14N_35;163.452;165.094;164.273;;;;;;;;;;;;;;;;;;;;
35;C12;IOB_X1Y156;IO_L22P_T3_AD7P_35;131.203;132.522;131.863;;;;;;;;;;;;;;;;;;;;
35;B12;IOB_X1Y155;IO_L22N_T3_AD7N_35;131.206;132.525;131.866;;;;;;;;;;;;;;;;;;;;
35;C11;IOB_X1Y154;IO_L23P_T3_35;130.774;132.088;131.431;;;;;;;;;;;;;;;;;;;;
35;B11;IOB_X1Y153;IO_L23N_T3_35;130.644;131.957;131.301;;;;;;;;;;;;;;;;;;;;
35;A13;IOB_X1Y152;IO_L24P_T3_AD15P_35;137.429;138.810;138.120;;;;;;;;;;;;;;;;;;;;
35;A12;IOB_X1Y151;IO_L24N_T3_AD15N_35;130.606;131.919;131.263;;;;;;;;;;;;;;;;;;;;
35;K12;IOB_X1Y150;IO_25_VRP_35;58.086;58.670;58.378;;;;;;;;;;;;;;;;;;;;
35;A16;;VCCO_35;;;;;;;;;;;;;;;;;;;;;;VCCO_35;0.00-1.80
35;B13;;VCCO_35;;;;;;;;;;;;;;;;;;;;;;VCCO_35;0.00-1.80
35;E14;;VCCO_35;;;;;;;;;;;;;;;;;;;;;;VCCO_35;0.00-1.80
35;F11;;VCCO_35;;;;;;;;;;;;;;;;;;;;;;VCCO_35;0.00-1.80
35;H15;;VCCO_35;;;;;;;;;;;;;;;;;;;;;;VCCO_35;0.00-1.80
35;J12;;VCCO_35;;;;;;;;;;;;;;;;;;;;;;VCCO_35;0.00-1.80
112;R2;OPAD_X0Y7;MGTXTXP3_112;88.688;89.580;89.134;;;;;;;;;;;;;;;;;;;;
112;T4;IPAD_X1Y25;MGTXRXP3_112;78.398;79.186;78.792;;;;;;;;;;;;;;;;;;;;
112;R1;OPAD_X0Y6;MGTXTXN3_112;89.054;89.949;89.502;;;;;;;;;;;;;;;;;;;;
112;T3;IPAD_X1Y24;MGTXRXN3_112;78.647;79.438;79.043;;;;;;;;;;;;;;;;;;;;
112;U2;OPAD_X0Y5;MGTXTXP2_112;88.001;88.885;88.443;;;;;;;;;;;;;;;;;;;;
112;V4;IPAD_X1Y19;MGTXRXP2_112;81.143;81.959;81.551;;;;;;;;;;;;;;;;;;;;
112;U1;OPAD_X0Y4;MGTXTXN2_112;88.103;88.989;88.546;;;;;;;;;;;;;;;;;;;;
112;R6;IPAD_X1Y8;MGTREFCLK0P_112;79.888;80.691;80.290;;;;;;;;;;;;;;;;;;;;
112;V3;IPAD_X1Y18;MGTXRXN2_112;81.361;82.179;81.770;;;;;;;;;;;;;;;;;;;;
112;R5;IPAD_X1Y9;MGTREFCLK0N_112;79.944;80.747;80.346;;;;;;;;;;;;;;;;;;;;
112;U5;IPAD_X1Y11;MGTREFCLK1N_112;81.872;82.695;82.284;;;;;;;;;;;;;;;;;;;;
112;U6;IPAD_X1Y10;MGTREFCLK1P_112;81.755;82.577;82.166;;;;;;;;;;;;;;;;;;;;
112;W2;OPAD_X0Y3;MGTXTXP1_112;90.487;91.396;90.942;;;;;;;;;;;;;;;;;;;;
112;Y4;IPAD_X1Y7;MGTXRXP1_112;83.025;83.860;83.443;;;;;;;;;;;;;;;;;;;;
112;W1;OPAD_X0Y2;MGTXTXN1_112;90.717;91.629;91.173;;;;;;;;;;;;;;;;;;;;
112;Y3;IPAD_X1Y6;MGTXRXN1_112;82.863;83.696;83.280;;;;;;;;;;;;;;;;;;;;
112;AA2;OPAD_X0Y1;MGTXTXP0_112;96.215;97.182;96.699;;;;;;;;;;;;;;;;;;;;
112;AB4;IPAD_X1Y1;MGTXRXP0_112;90.122;91.028;90.575;;;;;;;;;;;;;;;;;;;;
112;AA1;OPAD_X0Y0;MGTXTXN0_112;95.892;96.855;96.374;;;;;;;;;;;;;;;;;;;;
112;AB3;IPAD_X1Y0;MGTXRXN0_112;89.929;90.833;90.381;;;;;;;;;;;;;;;;;;;;
112;AB7;;MGTAVTTRCAL_112;;;;;;;;;;;;;;;;;;;;;;;
112;AB8;;MGTRREF_112;82.006;82.830;82.418;;;;;;;;;;;;;;;;;;;;
500;A26;;VCCO_MIO0_500;;;;;;;;;;;;;;;;;;;;;;;
500;B23;;VCCO_MIO0_500;;;;;;;;;;;;;;;;;;;;;;;
500;E24;;VCCO_MIO0_500;;;;;;;;;;;;;;;;;;;;;;;
501;H18;;PS_MIO_VREF_501;72.658;73.389;73.024;;;;;;;;;;;;;;;;;;;;
501;C20;;VCCO_MIO1_501;;;;;;;;;;;;;;;;;;;;;;;
501;D17;;VCCO_MIO1_501;;;;;;;;;;;;;;;;;;;;;;;
501;F21;;VCCO_MIO1_501;;;;;;;;;;;;;;;;;;;;;;;
501;G18;;VCCO_MIO1_501;;;;;;;;;;;;;;;;;;;;;;;
501;K18;;VCCO_MIO1_501;;;;;;;;;;;;;;;;;;;;;;;
502;H25;;VCCO_DDR_502;;;;;;;;;;;;;;;;;;;;;;;
502;J22;;VCCO_DDR_502;;;;;;;;;;;;;;;;;;;;;;;
502;L26;;VCCO_DDR_502;;;;;;;;;;;;;;;;;;;;;;;
502;M23;;VCCO_DDR_502;;;;;;;;;;;;;;;;;;;;;;;
502;N20;;VCCO_DDR_502;;;;;;;;;;;;;;;;;;;;;;;
502;R24;;VCCO_DDR_502;;;;;;;;;;;;;;;;;;;;;;;
502;T21;;VCCO_DDR_502;;;;;;;;;;;;;;;;;;;;;;;
502;V25;;VCCO_DDR_502;;;;;;;;;;;;;;;;;;;;;;;
502;W22;;VCCO_DDR_502;;;;;;;;;;;;;;;;;;;;;;;
502;K21;;PS_DDR_VREF0_502;;;;;;;;;;;;;;;;;;;;;;;
502;M21;;PS_DDR_VREF1_502;;;;;;;;;;;;;;;;;;;;;;;
;V13;;RSVDGND;87.049;87.924;87.487;;;;;;;;;;;;;;;;;;;;
;W8;;RSVDVCC1;111.566;112.687;112.127;;;;;;;;;;;;;;;;;;;;
;U8;;RSVDVCC3;112.601;113.733;113.167;;;;;;;;;;;;;;;;;;;;
;V8;;RSVDVCC2;102.845;103.879;103.362;;;;;;;;;;;;;;;;;;;;
;AA4;;MGTAVCC;;;;;;;;;;;;;;;;;;;;;;;
;AA8;;MGTAVCC;;;;;;;;;;;;;;;;;;;;;;;
;AB6;;MGTAVCC;;;;;;;;;;;;;;;;;;;;;;;
;AC8;;MGTAVCC;;;;;;;;;;;;;;;;;;;;;;;
;AD6;;MGTAVCC;;;;;;;;;;;;;;;;;;;;;;;
;AE8;;MGTAVCC;;;;;;;;;;;;;;;;;;;;;;;
;R4;;MGTAVCC;;;;;;;;;;;;;;;;;;;;;;;
;T6;;MGTAVCC;;;;;;;;;;;;;;;;;;;;;;;
;U4;;MGTAVCC;;;;;;;;;;;;;;;;;;;;;;;
;Y6;;MGTAVCC;;;;;;;;;;;;;;;;;;;;;;;
;AB2;;MGTAVTT;;;;;;;;;;;;;;;;;;;;;;;
;AC4;;MGTAVTT;;;;;;;;;;;;;;;;;;;;;;;
;AD2;;MGTAVTT;;;;;;;;;;;;;;;;;;;;;;;
;AE4;;MGTAVTT;;;;;;;;;;;;;;;;;;;;;;;
;AF2;;MGTAVTT;;;;;;;;;;;;;;;;;;;;;;;
;AF6;;MGTAVTT;;;;;;;;;;;;;;;;;;;;;;;
;T2;;MGTAVTT;;;;;;;;;;;;;;;;;;;;;;;
;V2;;MGTAVTT;;;;;;;;;;;;;;;;;;;;;;;
;W4;;MGTAVTT;;;;;;;;;;;;;;;;;;;;;;;
;Y2;;MGTAVTT;;;;;;;;;;;;;;;;;;;;;;;
;V6;;MGTVCCAUX;;;;;;;;;;;;;;;;;;;;;;;
;A1;;GND;;;;;;;;;;;;;;;;;;;;;;GND;GND
;A11;;GND;;;;;;;;;;;;;;;;;;;;;;GND;GND
;A21;;GND;;;;;;;;;;;;;;;;;;;;;;GND;GND
;AA11;;GND;;;;;;;;;;;;;;;;;;;;;;GND;GND
;AA21;;GND;;;;;;;;;;;;;;;;;;;;;;GND;GND
;AA3;;GND;;;;;;;;;;;;;;;;;;;;;;GND;GND
;AA7;;GND;;;;;;;;;;;;;;;;;;;;;;GND;GND
;AA9;;GND;;;;;;;;;;;;;;;;;;;;;;GND;GND
;AB1;;GND;;;;;;;;;;;;;;;;;;;;;;GND;GND
;AB18;;GND;;;;;;;;;;;;;;;;;;;;;;GND;GND
;AB5;;GND;;;;;;;;;;;;;;;;;;;;;;GND;GND
;AB9;;GND;;;;;;;;;;;;;;;;;;;;;;GND;GND
;AC15;;GND;;;;;;;;;;;;;;;;;;;;;;GND;GND
;AC25;;GND;;;;;;;;;;;;;;;;;;;;;;GND;GND
;AC3;;GND;;;;;;;;;;;;;;;;;;;;;;GND;GND
;AC7;;GND;;;;;;;;;;;;;;;;;;;;;;GND;GND
;AC9;;GND;;;;;;;;;;;;;;;;;;;;;;GND;GND
;AD1;;GND;;;;;;;;;;;;;;;;;;;;;;GND;GND
;AD12;;GND;;;;;;;;;;;;;;;;;;;;;;GND;GND
;AD22;;GND;;;;;;;;;;;;;;;;;;;;;;GND;GND
;AD5;;GND;;;;;;;;;;;;;;;;;;;;;;GND;GND
;AD9;;GND;;;;;;;;;;;;;;;;;;;;;;GND;GND
;AE19;;GND;;;;;;;;;;;;;;;;;;;;;;GND;GND
;AE3;;GND;;;;;;;;;;;;;;;;;;;;;;GND;GND
;AE7;;GND;;;;;;;;;;;;;;;;;;;;;;GND;GND
;AE9;;GND;;;;;;;;;;;;;;;;;;;;;;GND;GND
;AF1;;GND;;;;;;;;;;;;;;;;;;;;;;GND;GND
;AF16;;GND;;;;;;;;;;;;;;;;;;;;;;GND;GND
;AF26;;GND;;;;;;;;;;;;;;;;;;;;;;GND;GND
;AF5;;GND;;;;;;;;;;;;;;;;;;;;;;GND;GND
;AF9;;GND;;;;;;;;;;;;;;;;;;;;;;GND;GND
;B18;;GND;;;;;;;;;;;;;;;;;;;;;;GND;GND
;B8;;GND;;;;;;;;;;;;;;;;;;;;;;GND;GND
;C15;;GND;;;;;;;;;;;;;;;;;;;;;;GND;GND
;C25;;GND;;;;;;;;;;;;;;;;;;;;;;GND;GND
;C5;;GND;;;;;;;;;;;;;;;;;;;;;;GND;GND
;D12;;GND;;;;;;;;;;;;;;;;;;;;;;GND;GND
;D2;;GND;;;;;;;;;;;;;;;;;;;;;;GND;GND
;D22;;GND;;;;;;;;;;;;;;;;;;;;;;GND;GND
;E19;;GND;;;;;;;;;;;;;;;;;;;;;;GND;GND
;E9;;GND;;;;;;;;;;;;;;;;;;;;;;GND;GND
;F16;;GND;;;;;;;;;;;;;;;;;;;;;;GND;GND
;F26;;GND;;;;;;;;;;;;;;;;;;;;;;GND;GND
;F6;;GND;;;;;;;;;;;;;;;;;;;;;;GND;GND
;G13;;GND;;;;;;;;;;;;;;;;;;;;;;GND;GND
;G23;;GND;;;;;;;;;;;;;;;;;;;;;;GND;GND
;G3;;GND;;;;;;;;;;;;;;;;;;;;;;GND;GND
;H10;;GND;;;;;;;;;;;;;;;;;;;;;;GND;GND
;H20;;GND;;;;;;;;;;;;;;;;;;;;;;GND;GND
;J17;;GND;;;;;;;;;;;;;;;;;;;;;;GND;GND
;J7;;GND;;;;;;;;;;;;;;;;;;;;;;GND;GND
;K14;;GND;;;;;;;;;;;;;;;;;;;;;;GND;GND
;K24;;GND;;;;;;;;;;;;;;;;;;;;;;GND;GND
;K4;;GND;;;;;;;;;;;;;;;;;;;;;;GND;GND
;L1;;GND;;;;;;;;;;;;;;;;;;;;;;GND;GND
;L10;;GND;;;;;;;;;;;;;;;;;;;;;;GND;GND
;L12;;GND;;;;;;;;;;;;;;;;;;;;;;GND;GND
;L14;;GND;;;;;;;;;;;;;;;;;;;;;;GND;GND
;L16;;GND;;;;;;;;;;;;;;;;;;;;;;GND;GND
;L18;;GND;;;;;;;;;;;;;;;;;;;;;;GND;GND
;L21;;GND;;;;;;;;;;;;;;;;;;;;;;GND;GND
;M11;;GND;;;;;;;;;;;;;;;;;;;;;;GND;GND
;M15;;GND;;;;;;;;;;;;;;;;;;;;;;GND;GND
;M17;;GND;;;;;;;;;;;;;;;;;;;;;;GND;GND
;M19;;GND;;;;;;;;;;;;;;;;;;;;;;GND;GND
;M9;;GND;;;;;;;;;;;;;;;;;;;;;;GND;GND
;N10;;GND;;;;;;;;;;;;;;;;;;;;;;GND;GND
;N12;;GND;;;;;;;;;;;;;;;;;;;;;;GND;GND
;N16;;GND;;;;;;;;;;;;;;;;;;;;;;GND;GND
;N18;;GND;;;;;;;;;;;;;;;;;;;;;;GND;GND
;N25;;GND;;;;;;;;;;;;;;;;;;;;;;GND;GND
;N5;;GND;;;;;;;;;;;;;;;;;;;;;;GND;GND
;P1;;GND;;;;;;;;;;;;;;;;;;;;;;GND;GND
;P11;;GND;;;;;;;;;;;;;;;;;;;;;;GND;GND
;P15;;GND;;;;;;;;;;;;;;;;;;;;;;GND;GND
;P17;;GND;;;;;;;;;;;;;;;;;;;;;;GND;GND
;P19;;GND;;;;;;;;;;;;;;;;;;;;;;GND;GND
;P2;;GND;;;;;;;;;;;;;;;;;;;;;;GND;GND
;P22;;GND;;;;;;;;;;;;;;;;;;;;;;GND;GND
;P3;;GND;;;;;;;;;;;;;;;;;;;;;;GND;GND
;P4;;GND;;;;;;;;;;;;;;;;;;;;;;GND;GND
;P5;;GND;;;;;;;;;;;;;;;;;;;;;;GND;GND
;P6;;GND;;;;;;;;;;;;;;;;;;;;;;GND;GND
;P7;;GND;;;;;;;;;;;;;;;;;;;;;;GND;GND
;P9;;GND;;;;;;;;;;;;;;;;;;;;;;GND;GND
;R10;;GND;;;;;;;;;;;;;;;;;;;;;;GND;GND
;R12;;GND;;;;;;;;;;;;;;;;;;;;;;GND;GND
;R16;;GND;;;;;;;;;;;;;;;;;;;;;;GND;GND
;R18;;GND;;;;;;;;;;;;;;;;;;;;;;GND;GND
;R3;;GND;;;;;;;;;;;;;;;;;;;;;;GND;GND
;R7;;GND;;;;;;;;;;;;;;;;;;;;;;GND;GND
;T1;;GND;;;;;;;;;;;;;;;;;;;;;;GND;GND
;T11;;GND;;;;;;;;;;;;;;;;;;;;;;GND;GND
;T13;;GND;;;;;;;;;;;;;;;;;;;;;;GND;GND
;T15;;GND;;;;;;;;;;;;;;;;;;;;;;GND;GND
;T17;;GND;;;;;;;;;;;;;;;;;;;;;;GND;GND
;T19;;GND;;;;;;;;;;;;;;;;;;;;;;GND;GND
;T26;;GND;;;;;;;;;;;;;;;;;;;;;;GND;GND
;T5;;GND;;;;;;;;;;;;;;;;;;;;;;GND;GND
;T9;;GND;;;;;;;;;;;;;;;;;;;;;;GND;GND
;U10;;GND;;;;;;;;;;;;;;;;;;;;;;GND;GND
;U12;;GND;;;;;;;;;;;;;;;;;;;;;;GND;GND
;U14;;GND;;;;;;;;;;;;;;;;;;;;;;GND;GND
;U16;;GND;;;;;;;;;;;;;;;;;;;;;;GND;GND
;U18;;GND;;;;;;;;;;;;;;;;;;;;;;GND;GND
;U23;;GND;;;;;;;;;;;;;;;;;;;;;;GND;GND
;U3;;GND;;;;;;;;;;;;;;;;;;;;;;GND;GND
;U7;;GND;;;;;;;;;;;;;;;;;;;;;;GND;GND
;V1;;GND;;;;;;;;;;;;;;;;;;;;;;GND;GND
;V17;;GND;;;;;;;;;;;;;;;;;;;;;;GND;GND
;V20;;GND;;;;;;;;;;;;;;;;;;;;;;GND;GND
;V5;;GND;;;;;;;;;;;;;;;;;;;;;;GND;GND
;V7;;GND;;;;;;;;;;;;;;;;;;;;;;GND;GND
;W3;;GND;;;;;;;;;;;;;;;;;;;;;;GND;GND
;W7;;GND;;;;;;;;;;;;;;;;;;;;;;GND;GND
;Y1;;GND;;;;;;;;;;;;;;;;;;;;;;GND;GND
;Y14;;GND;;;;;;;;;;;;;;;;;;;;;;GND;GND
;Y24;;GND;;;;;;;;;;;;;;;;;;;;;;GND;GND
;Y5;;GND;;;;;;;;;;;;;;;;;;;;;;GND;GND
;Y7;;GND;;;;;;;;;;;;;;;;;;;;;;GND;GND
;Y8;;GND;;;;;;;;;;;;;;;;;;;;;;GND;GND
;Y9;;GND;;;;;;;;;;;;;;;;;;;;;;GND;GND
;L11;;VCCINT;;;;;;;;;;;;;;;;;;;;;;;
;L13;;VCCINT;;;;;;;;;;;;;;;;;;;;;;;
;L15;;VCCINT;;;;;;;;;;;;;;;;;;;;;;;
;M12;;VCCINT;;;;;;;;;;;;;;;;;;;;;;;
;N11;;VCCINT;;;;;;;;;;;;;;;;;;;;;;;
;N15;;VCCINT;;;;;;;;;;;;;;;;;;;;;;;
;P12;;VCCINT;;;;;;;;;;;;;;;;;;;;;;;
;R11;;VCCINT;;;;;;;;;;;;;;;;;;;;;;;
;R15;;VCCINT;;;;;;;;;;;;;;;;;;;;;;;
;T12;;VCCINT;;;;;;;;;;;;;;;;;;;;;;;
;T14;;VCCINT;;;;;;;;;;;;;;;;;;;;;;;
;U11;;VCCINT;;;;;;;;;;;;;;;;;;;;;;;
;U13;;VCCINT;;;;;;;;;;;;;;;;;;;;;;;
;U15;;VCCINT;;;;;;;;;;;;;;;;;;;;;;;
;N9;;VCCAUX;;;;;;;;;;;;;;;;;;;;;;VCCAUX;Jan 80
;P8;;VCCAUX;;;;;;;;;;;;;;;;;;;;;;VCCAUX;Jan 80
;R9;;VCCAUX;;;;;;;;;;;;;;;;;;;;;;VCCAUX;Jan 80
;T8;;VCCAUX;;;;;;;;;;;;;;;;;;;;;;VCCAUX;Jan 80
;U9;;VCCAUX;;;;;;;;;;;;;;;;;;;;;;VCCAUX;Jan 80
;V10;;VCCAUX;;;;;;;;;;;;;;;;;;;;;;VCCAUX;Jan 80
;M10;;VCCAUX_IO_G0;;;;;;;;;;;;;;;;;;;;;;;
;P10;;VCCAUX_IO_G0;;;;;;;;;;;;;;;;;;;;;;;
;T10;;VCCAUX_IO_G0;;;;;;;;;;;;;;;;;;;;;;;
;M16;;VCCBRAM;;;;;;;;;;;;;;;;;;;;;;;
;P16;;VCCBRAM;;;;;;;;;;;;;;;;;;;;;;;
;T16;;VCCBRAM;;;;;;;;;;;;;;;;;;;;;;;
;V16;;VCCBRAM;;;;;;;;;;;;;;;;;;;;;;;
;L19;;VCCPAUX;;;;;;;;;;;;;;;;;;;;;;;
;N19;;VCCPAUX;;;;;;;;;;;;;;;;;;;;;;;
;R19;;VCCPAUX;;;;;;;;;;;;;;;;;;;;;;;
;U19;;VCCPAUX;;;;;;;;;;;;;;;;;;;;;;;
;L17;;VCCPINT;;;;;;;;;;;;;;;;;;;;;;;
;N17;;VCCPINT;;;;;;;;;;;;;;;;;;;;;;;
;P18;;VCCPINT;;;;;;;;;;;;;;;;;;;;;;;
;R17;;VCCPINT;;;;;;;;;;;;;;;;;;;;;;;
;T18;;VCCPINT;;;;;;;;;;;;;;;;;;;;;;;
;U17;;VCCPINT;;;;;;;;;;;;;;;;;;;;;;;
;M18;;VCCPLL;;;;;;;;;;;;;;;;;;;;;;;
;AC2;;NC;;;;;;;;;;;;;;;;;;;;;;;
;AD4;;NC;;;;;;;;;;;;;;;;;;;;;;;
;AC1;;NC;;;;;;;;;;;;;;;;;;;;;;;
;AD3;;NC;;;;;;;;;;;;;;;;;;;;;;;
;AE2;;NC;;;;;;;;;;;;;;;;;;;;;;;
;AC6;;NC;;;;;;;;;;;;;;;;;;;;;;;
;AE1;;NC;;;;;;;;;;;;;;;;;;;;;;;
;W6;;NC;;;;;;;;;;;;;;;;;;;;;;;
;AC5;;NC;;;;;;;;;;;;;;;;;;;;;;;
;W5;;NC;;;;;;;;;;;;;;;;;;;;;;;
;AA5;;NC;;;;;;;;;;;;;;;;;;;;;;;
;AA6;;NC;;;;;;;;;;;;;;;;;;;;;;;
;AF4;;NC;;;;;;;;;;;;;;;;;;;;;;;
;AE6;;NC;;;;;;;;;;;;;;;;;;;;;;;
;AF3;;NC;;;;;;;;;;;;;;;;;;;;;;;
;AE5;;NC;;;;;;;;;;;;;;;;;;;;;;;
;AF8;;NC;;;;;;;;;;;;;;;;;;;;;;;
;AD8;;NC;;;;;;;;;;;;;;;;;;;;;;;
;AF7;;NC;;;;;;;;;;;;;;;;;;;;;;;
;AD7;;NC;;;;;;;;;;;;;;;;;;;;;;;
